Time,MKAKLLVLLCAFTATDADTICIGYHANNSTDTVDTVLEKNVTVTHSVNLLEDSHNGKLCRLKGIAPLQLGNCSIAGWILGNPECASLFSKESWSYIAETPNSENGTCYPGYFADYEELREQLSSVSSFERFEIFPKESSWPNHTVTKGVTAACSHNGKSSFYRNLLWLTEKNGLYPNLSKSYVNNKEKEVLVLWGVHHPSNIGDQRAIYHTENAYVSVVSSHYSRRFTPEIAKRPKVRGQEGRINYYWTLLEPGDTIIFEANGNLIAPWYAFALSRGFGSGIITSNASMDECDAKCQTPQGAINSSLPFQNVHPVTIGECPKYVRSTKLRMVTGLRNIPSVQSRGLFGAIAGFIEGGWTGMIDGWYGYHHQNEQGSGYAADQKSTQNAINGITNKVNSVIEKMNTQFTAVGKEFNKLERRMENLNKKVDDGFLDIWTYNAELLVLLENERTLDFHDSNVKNLYEKVKSQLKNNAKEIGNGCFEFYHKCNNECAESVKNGTYDYPKYSEESKLNREKIDGVKLESMGVYQILAIYSTVASSLVLLVSLGAISFWMCSNGSLQCRICI,MKAKLLVLLCAFTATDADTICIGYHANNSTDTVDTVLEKNVTVTHSVNLLEDSHNGKLCRLKGIAPLQLGNCSIAGWILGNPECESLFSKESWSYIAETPASENGTCYPGYFADYEELREQLSSVSSFERFEIFPKESSWPNHTVTKGVTAACSHNGKSSFYRNLLWLTEKNGLYPNLSKSYVNNKEKEVLVLWGVHHPSNIGDQRAIYHTENAYVSVVSSHYSRRFTPEIAKRPKVRGQEGRINYYWTLLEPGDTIIFEANGNLIAPWYAFALSRGFGSGIITSNASMDECDAKCQTPQGAINSSLPFQNVHPVTIGECPKYVRSTKLRMVTGLRNIPSVQSRGLFGAIAGFIEGGWTGMIDGWYGYHHQNEQGSGYAADQKSTQNAINGITNKVNSVIEKMNTQFTAVGKEFNKLERRMENLNKKVDDGFLDIWTYNAELLVLLENERTLDFHDSNVKNLYEKVKSQLKNNAKEIGNGCFEFYHKCNNECMESVKNGTYDYPKYSEESKLNREKIDGVKLESMGVYQILAIYSTVASSLVLLVSLGAISFWMCSNGSLQCRICI,MKAKLLVLLCAFTATDADTICIGYHANNSTDTVDTVLEKNVTVTHSVNLLEDSHNGKLCRLKGIAPLQLGNCSIAGWILGNPECESLFSKESWSYIAETPNSENGTCYPGYFADYEEBREQLSSVSSFERFEIFPKESSWPNHTVTKGVTAACSHNGKSSFYRNLLWLTEKNGLYPNLSKSYVNNKEKEVLVLWGVHHPSNIGDQRAIYHTENAYVSVVSSHYSRRFTPEIAKRPKVRGQEGRINYYWTLLEPGDTIIFEANGNLIAPWYAFALSRGFGSGIITSNASMDECDAKCQTPQGAINSSLPFQNVHPVTIGECPKYVRSTKLRMVTGLRNIPSVQSRGLFGAIAGFIEGGWTGMIDGWYGYHHQNEQGSGYAADQKSTQNAINGITNKVNSVIEKMNTQFTAVGKEFNKLERRMENLNKKVDDGFLDIWTYNAELLVLLENERTLDFHDSNVKNLYEKVKSQLKNNAKEIGNGCFEFYHKCNNECMESVKNGTYDYPKYSEESKLNREKIDGVKLESMGVYQILAIYSTVASSLVLLVSLGAISFWMCSNGSLQCRICI,MKAKLLVLLCAFTATDADTICIGYHANNSTDTVDTVLEKNVTVTHSVNLLEDSHNGKLCRLKGIAPLQLGNCSIAGWILGNPECESLFSKESWSYIAETPNSENGTCYPGYFADYEELREQLSSVSSFERFEIFPKESSWPNHTVTKGVTAACSHNGKSSFYRNLLWLTEKNGLYPNLSKSYVNNKEKEVLVLWGVHHPSNIGDQRAIYHTENAYVSVVSSHYSRRFTPEIAKRPKVRGQEGRINYYWTLLEPGDTIIFEANGNLIAPWYAFALSRGFGSGIITSNASMDECDAKCQTPQGAINSSLPFQNVHPVTIGECPKYVRSTKLRMVTGLRNIPSVQSRGLFGAIAGFIEGGWTGMIDGWYGYHHQNEQGSGYAADQKSTQNAINGITNKVNSVIEKMNTQFTAVGKEFNKLERRMENLNKKVDDBFLDIWTYNAELLVLLENERTLDFHDSNVKNLYEKVKSQLKNNAKEIGNGCFEFYHKCNNECAESVKNGTYDYPKYSEESKLNREKIDGVKLESMGVYQILAIYSTVASSLVLLVSLGAISFWMCSNGSLQCRICI,MKAKLLVLLCAFTATDADTICIGYHANNSTDTVDTVLEKNVTVTHSVNLLEDSHNGKLCRLKGIAPLQLGNCSIAGWILGNPECESLFSKESWSYIAETPNSENGTCYPGYFADYEELREQLSSVSSFERFEIFPKESSWPNHTVTKGVTAACSHNGKSSFYRNLLWLTEKNGLYPNLSKSYVNNKEKEALVLWGVHHPSNIGDQRAIYHTENAYVSVVSSHYSRRFTPEIAKRPKVRGQEGRINYYWTLLEPGDTIIFEANGNLIAPWYAFALSRGFGSGIITSNASMDECDAKCQTPQGAINSSLPFQNVHPVTIGECPKYVRSTKLRMVTGLRNIPSVQSRGLFGAIAGFIEGGWTGMIDGWYGYHHQNEQGSGYAADQKSTQNAINGITNKVNSVIEKMNTQFTAVGKEFNKLERRMENLNKKVDDGFLDIWTYNAELLVLLENERTLDFHDSNVKNLYEKVKSQLKNNAKEIGNGCFEFYHKCNNECMESVKNGTYDYPKYSEESKLNREKIDGVKLESMGVYQILAIYSTVASSLVLLVSLGAISFWMCSNGSLQCRICI,MKAKLLVLLCAFTATDADTICIGYHANNSTDTVDTVLEKNVTVTHSVNLLEDSHNGKLCRLKGIAPLQLGNCSIAGWILGNPECESLFSKESWSYIAETPNSENGTCYPGYFADYEELREQLSSVSSFERFEIFPKESSWPNHTVTKGVTAACSHNGKSSFYRNLLWLTEKNGLYPNLSKSYVNNKEKEVLVLWGVHHPSNIGDQRAIYHTENAYVSVVSSHYSRRFTPEIAKRPKVRGQEGRINYYWTLLEPGDTIIFEANGNLIAPWYAFALSRGFGSGIITSNASMDECDAKCQTPQGAINSSLPFQNVHPVTIGECPKYVRSTKLRMVTGLRNIPSVQSRGLFGAIAGFIEGGWTGMIDGWYGYHHQNEQGSGYAADQKSTQNAINGITNKVNSVIEKMNTQFTAVGKEFNKLERRMENLNKKVDDGFLDIWTYNAELLVLLENERTLDFHDSNVKNLYEKVKSQLKNNAKEIGNGCFEFYHKCNNECAESVKNGTYDYPKYSEESKLNREKIDGVKLESMGVYQILAIYSTVASSLVLLVSLGAISFWMCSNGSLQCRICI,MKAKLLVLLCAFTATDADTICIGYHANNSTDTVDTVLEKNVTVTHSVNLLEDSHNGKLCRLKGIAPLQLGNCSIAGWILGNPECESLFSKESWSYIAETPNSENGTCYPGYFADYEELREQLSSVSSFERFEIFPKESSWPNHTATKGVTAACSHNGKSSFYRNLLWLTEKNGLYPNLSKSYVNNKEKEVLVLWGVHHPSNIGDQRAIYHTENAYVSVVSSHYSRRFTPEIAKRPKVRGQEGRINYYWTLLEPGDTIIFEANGNLIAPWYAFALSRGFGSGIITSNASMDECDAKCQTPQGAINSSLPFQNVHPVTIGECPKYVRSTKLRMVTGLRNIPSVQSRGLFGAIAGFIEGGWTGMIDGWYGYHHQNEQGSGYAADQKSTQNAINGITNKVNSVIEKMNTQFTAVGKEFNKLERRMENLNKKVDDGFLDIWTYNAELLVLLENERTLDFHDSNVKNLYEKVKSQLKNNAKEIGNGCFEFYHKCNNECAESVKNGTYDYPKYSEESKLNREKIDGVKLESMGVYQILAIYSTVASSLVLLVSLGAISFWMCSNGSLQCRICI,Other,Total
0.0,0,0,0,0,0,0,0,0,0
3.0,0,0,0,0,0,0,0,6,6
6.0,0,0,0,0,0,0,0,14,14
9.0,0,0,0,0,0,0,0,22,22
12.0,0,0,0,0,0,0,0,28,28
15.0,0,0,0,0,0,0,0,32,32
18.0,0,0,0,0,0,0,0,39,39
21.0,0,0,0,0,0,0,0,44,44
24.0,0,0,0,0,0,0,0,51,51
27.0,0,0,0,0,0,0,0,53,53
30.0,0,0,0,0,0,0,0,57,57
33.0,0,0,0,0,0,0,0,58,58
36.0,0,0,0,0,0,0,0,59,59
39.0,0,0,0,0,0,0,0,61,61
42.0,0,0,0,0,0,0,0,60,60
45.0,0,0,0,0,0,0,0,61,61
48.0,0,0,0,0,0,0,0,61,61
51.0,0,0,0,0,0,0,0,58,58
54.0,0,0,0,0,0,0,0,59,59
57.0,0,0,0,0,0,0,0,55,55
60.0,0,0,0,0,0,0,0,56,56
63.0,0,0,0,0,0,0,0,59,59
66.0,0,0,0,0,0,0,0,60,60
69.0,0,0,0,0,0,0,0,56,56
72.0,0,0,0,0,0,0,0,53,53
75.0,0,0,0,0,0,0,0,54,54
78.0,0,0,0,0,0,0,0,53,53
81.0,0,0,0,0,0,0,0,53,53
84.0,0,0,0,0,0,0,0,52,52
87.0,0,0,0,0,0,0,0,48,48
90.0,0,0,0,0,0,0,0,46,46
93.0,0,0,0,0,0,0,0,45,45
96.0,0,0,0,0,0,0,0,42,42
99.0,0,0,0,0,0,0,0,39,39
102.0,0,0,0,0,0,0,0,39,39
105.0,0,0,0,0,0,0,0,39,39
108.0,0,0,0,0,0,0,0,42,42
111.0,0,0,0,0,0,0,0,41,41
114.0,0,0,0,0,0,0,0,38,38
117.0,0,0,0,0,0,0,0,37,37
120.0,0,0,0,0,0,0,0,37,37
123.0,0,0,0,0,0,0,0,36,36
126.0,0,0,0,0,0,0,0,38,38
129.0,0,0,0,0,0,0,0,39,39
132.0,0,0,0,0,0,0,0,41,41
135.0,0,0,0,0,0,0,0,46,46
138.0,0,0,0,0,0,0,0,45,45
141.0,0,0,0,0,0,0,0,44,44
144.0,0,0,0,0,0,0,0,48,48
147.0,0,0,0,0,0,0,0,48,48
150.0,0,0,0,0,0,0,0,48,48
153.0,0,0,0,0,0,0,0,49,49
156.0,0,0,0,0,0,0,0,51,51
159.0,0,0,0,0,0,0,0,50,50
162.0,0,0,0,0,0,0,0,54,54
165.0,0,0,0,0,0,0,0,56,56
168.0,0,0,0,0,0,0,0,56,56
171.0,0,0,0,0,0,0,0,59,59
174.0,0,0,0,0,0,0,0,60,60
177.0,0,0,0,0,0,0,0,62,62
180.0,0,0,0,0,0,0,0,64,64
183.0,0,0,0,0,0,0,0,63,63
186.0,0,0,0,0,0,0,0,63,63
189.0,0,0,0,0,0,0,0,61,61
192.0,0,0,0,0,0,0,0,56,56
195.0,0,0,0,0,0,0,0,51,51
198.0,0,0,0,0,0,0,0,52,52
201.0,0,0,0,0,0,0,0,53,53
204.0,0,0,0,0,0,0,0,54,54
207.0,0,0,0,0,0,0,0,54,54
210.0,0,0,0,0,0,0,0,54,54
213.0,0,0,0,0,0,0,0,55,55
216.0,0,0,0,0,0,0,0,54,54
219.0,0,0,0,0,0,0,0,51,51
222.0,0,0,0,0,0,0,0,50,50
225.0,0,0,0,0,0,0,0,52,52
228.0,0,0,0,0,0,0,0,51,51
231.0,0,0,0,0,0,0,0,51,51
234.0,0,0,0,0,0,0,0,52,52
237.0,0,0,0,0,0,0,0,49,49
240.0,0,0,0,0,0,0,0,47,47
243.0,0,0,0,0,0,0,0,46,46
246.0,0,0,0,0,0,0,0,45,45
249.0,0,0,0,0,0,0,0,44,44
252.0,0,0,0,0,0,0,0,42,42
255.0,0,0,0,0,0,0,0,43,43
258.0,0,0,0,0,0,0,0,44,44
261.0,0,0,0,0,0,0,0,44,44
264.0,0,0,0,0,0,0,0,43,43
267.0,0,0,0,0,0,0,0,43,43
270.0,0,0,0,0,0,0,0,44,44
273.0,0,0,0,0,0,0,0,49,49
276.0,0,0,0,0,0,0,0,51,51
279.0,0,0,0,0,0,0,0,53,53
282.0,0,0,0,0,0,0,0,54,54
285.0,0,0,0,0,0,0,0,58,58
288.0,0,0,0,0,0,0,0,59,59
291.0,0,0,0,0,0,0,0,59,59
294.0,0,0,0,0,0,0,0,58,58
297.0,0,0,0,0,0,0,0,60,60
300.0,0,0,0,0,0,0,0,59,59
303.0,0,0,0,0,0,0,0,60,60
306.0,0,0,0,0,0,0,0,60,60
309.0,0,0,0,0,0,0,0,62,62
312.0,0,0,0,0,0,0,0,62,62
315.0,0,0,0,0,0,0,0,60,60
318.0,0,0,0,0,0,0,0,59,59
321.0,0,0,0,0,0,0,0,59,59
324.0,0,0,0,0,0,0,0,58,58
327.0,0,0,0,0,0,0,0,57,57
330.0,0,0,0,0,0,0,0,56,56
333.0,0,1,0,0,0,0,0,56,57
336.0,0,1,0,0,0,0,0,55,56
339.0,0,1,0,0,0,0,0,52,53
342.0,0,1,0,0,0,0,0,49,50
345.0,0,1,0,0,0,0,0,47,48
348.0,0,1,0,0,0,0,0,43,44
351.0,0,1,0,0,0,0,0,44,45
354.0,0,1,0,0,0,0,0,42,43
357.0,0,1,0,0,0,0,0,43,44
360.0,0,1,0,0,0,0,0,45,46
363.0,0,1,0,0,0,0,0,44,45
366.0,0,1,0,0,0,0,0,43,44
369.0,0,1,0,0,0,0,0,42,43
372.0,0,1,0,0,0,0,0,45,46
375.0,0,1,0,0,0,0,0,45,46
378.0,0,1,0,0,0,0,0,46,47
381.0,0,1,0,0,0,0,0,46,47
384.0,0,1,0,0,0,0,0,46,47
387.0,0,1,0,0,0,0,0,48,49
390.0,0,0,0,0,0,0,0,48,48
393.0,0,0,0,0,0,0,0,54,54
396.0,0,0,0,0,0,0,0,50,50
399.0,0,0,0,0,0,0,0,50,50
402.0,0,0,0,0,1,0,0,51,52
405.0,0,0,0,0,1,0,0,53,54
408.0,0,0,0,0,1,0,0,55,56
411.0,0,0,0,0,1,0,0,57,58
414.0,0,0,0,0,1,0,0,57,58
417.0,0,0,0,0,1,0,0,55,56
420.0,0,0,0,0,1,0,0,53,54
423.0,0,0,0,0,1,0,0,52,53
426.0,0,0,0,0,1,0,0,50,51
429.0,0,0,0,0,1,0,0,49,50
432.0,0,0,0,0,1,0,0,48,49
435.0,0,0,0,0,1,0,0,47,48
438.0,0,0,0,0,1,0,0,47,48
441.0,0,0,0,0,1,0,0,49,50
444.0,0,0,0,0,1,0,0,49,50
447.0,0,0,0,0,1,0,0,47,48
450.0,0,0,0,0,1,0,0,48,49
453.0,0,0,0,0,1,0,0,47,48
456.0,0,0,0,0,1,0,0,47,48
459.0,0,0,0,0,1,0,0,47,48
462.0,0,0,0,0,1,0,0,48,49
465.0,0,0,0,0,1,0,0,51,52
468.0,0,0,0,0,1,0,0,54,55
471.0,0,0,0,0,1,0,0,56,57
474.0,0,0,0,0,0,0,0,56,56
477.0,0,0,0,0,0,0,0,57,57
480.0,0,0,0,0,0,0,0,56,56
483.0,0,0,0,0,0,0,0,57,57
486.0,0,0,0,0,0,1,0,60,61
489.0,0,0,0,0,0,1,0,57,58
492.0,0,0,0,0,0,1,0,56,57
495.0,0,0,0,0,0,1,0,54,55
498.0,0,0,0,0,0,2,0,52,54
501.0,0,0,0,0,0,2,0,55,57
504.0,0,0,0,0,0,3,0,54,57
507.0,0,0,0,0,0,4,0,54,58
510.0,0,0,0,0,0,5,0,52,57
513.0,0,0,1,0,0,5,0,51,57
516.0,0,0,1,0,0,5,0,51,57
519.0,0,0,2,0,0,6,0,51,59
522.0,0,0,2,0,0,4,0,48,54
525.0,0,0,3,0,0,4,0,47,54
528.0,0,0,3,0,0,6,0,45,54
531.0,0,0,3,0,0,8,0,45,56
534.0,0,0,3,0,0,9,0,43,55
537.0,0,0,3,0,0,10,0,42,55
540.0,0,0,3,0,0,9,0,40,52
543.0,0,0,2,0,0,9,0,40,51
546.0,0,0,2,0,0,8,0,38,48
549.0,0,0,2,0,0,8,0,36,46
552.0,0,0,2,0,0,9,0,36,47
555.0,0,0,2,0,0,9,0,36,47
558.0,0,0,1,0,0,9,0,36,46
561.0,0,0,1,0,0,11,0,36,48
564.0,0,0,1,0,0,13,0,36,50
567.0,0,0,1,0,0,14,0,35,50
570.0,0,0,1,0,0,17,0,34,52
573.0,0,0,1,0,0,19,0,34,54
576.0,0,0,1,0,0,20,0,33,54
579.0,0,0,1,0,0,25,0,32,58
582.0,0,0,1,0,0,25,0,32,58
585.0,0,0,1,0,0,25,0,29,55
588.0,0,0,1,0,0,25,0,27,53
591.0,0,0,1,0,0,25,0,27,53
594.0,0,0,1,0,0,27,0,26,54
597.0,0,0,1,0,0,31,0,26,58
600.0,0,0,1,0,0,31,0,26,58
603.0,0,0,1,0,0,33,0,24,58
606.0,0,0,1,0,0,32,0,24,57
609.0,0,0,1,0,0,36,0,23,60
612.0,0,0,1,0,0,36,0,23,60
615.0,0,0,1,0,0,36,0,22,59
618.0,0,0,1,0,0,41,0,20,62
621.0,0,0,1,0,0,39,0,20,60
624.0,0,0,1,0,0,41,0,20,62
627.0,0,0,1,0,0,44,0,20,65
630.0,0,0,1,0,0,44,0,19,64
633.0,0,0,1,0,0,44,0,19,64
636.0,0,0,1,0,0,45,0,19,65
639.0,0,0,1,0,0,44,0,19,64
642.0,0,0,1,0,0,43,0,17,61
645.0,0,0,1,0,0,46,0,17,64
648.0,0,0,1,0,0,42,0,17,60
651.0,0,0,1,0,0,43,0,16,60
654.0,0,0,1,0,0,41,0,16,58
657.0,0,0,1,0,0,40,0,16,57
660.0,0,0,1,0,0,40,0,16,57
663.0,0,0,1,0,0,42,0,15,58
666.0,0,0,1,0,0,42,0,15,58
669.0,0,0,1,0,0,41,0,15,57
672.0,0,0,1,0,0,42,0,15,58
675.0,0,0,1,0,0,42,0,15,58
678.0,0,0,1,0,0,44,0,15,60
681.0,0,0,1,0,0,46,0,15,62
684.0,0,0,1,0,0,47,0,15,63
687.0,0,0,1,0,0,48,0,15,64
690.0,0,0,1,0,0,50,0,15,66
693.0,0,0,1,0,0,51,0,15,67
696.0,0,0,1,0,0,53,0,15,69
699.0,0,0,1,0,0,53,0,15,69
702.0,0,0,1,0,0,54,0,15,70
705.0,0,0,1,0,0,53,0,15,69
708.0,0,0,1,0,0,51,0,15,67
711.0,0,0,1,0,0,55,0,15,71
714.0,0,0,1,0,0,56,0,14,71
717.0,0,0,1,0,0,61,0,13,75
720.0,0,0,1,0,0,60,0,13,74
723.0,0,0,1,0,0,60,0,12,73
726.0,0,0,1,0,0,58,0,12,71
729.0,0,0,1,0,0,56,0,12,69
732.0,0,0,1,0,0,54,0,11,66
735.0,0,0,1,0,0,51,0,11,63
738.0,0,0,1,0,0,53,0,11,65
741.0,0,0,1,0,0,52,0,11,64
744.0,0,0,1,0,0,52,0,11,64
747.0,0,0,1,0,0,52,0,10,63
750.0,0,0,1,0,0,52,0,10,63
753.0,0,0,1,0,0,53,0,9,63
756.0,0,0,1,0,0,52,0,9,62
759.0,0,0,1,0,0,50,0,9,60
762.0,0,0,1,0,0,50,0,9,60
765.0,0,0,1,0,0,46,0,8,55
768.0,0,0,1,0,0,45,0,8,54
771.0,0,0,1,0,0,43,0,8,52
774.0,0,0,1,0,0,41,0,6,48
777.0,0,0,1,0,0,40,0,5,46
780.0,0,0,1,0,0,36,0,5,42
783.0,0,0,1,0,0,40,0,6,47
786.0,0,0,1,0,0,39,0,7,47
789.0,0,0,1,0,0,38,0,7,46
792.0,0,0,1,0,0,39,0,8,48
795.0,0,0,1,0,0,40,0,8,49
798.0,0,0,1,0,0,39,0,7,47
801.0,0,0,1,0,0,37,0,8,46
804.0,0,0,1,0,0,38,0,8,47
807.0,0,0,1,0,0,40,0,8,49
810.0,0,0,1,0,0,40,0,8,49
813.0,0,0,1,0,0,43,0,8,52
816.0,0,0,1,0,0,43,0,6,50
819.0,0,0,1,0,0,41,0,7,49
822.0,0,0,1,0,0,43,0,7,51
825.0,0,0,1,0,0,42,0,6,49
828.0,0,0,1,0,0,44,0,5,50
831.0,0,0,1,0,0,42,0,4,47
834.0,0,0,1,0,0,43,0,4,48
837.0,0,0,1,0,0,41,0,4,46
840.0,0,0,1,0,0,38,0,4,43
843.0,0,0,1,0,0,37,0,4,42
846.0,0,0,1,0,0,37,0,2,40
849.0,0,0,0,0,0,42,0,2,44
852.0,0,0,0,0,0,42,0,2,44
855.0,0,0,0,0,0,45,0,2,47
858.0,0,0,0,0,0,49,0,2,51
861.0,0,0,0,0,0,52,0,2,54
864.0,0,0,0,0,0,50,0,2,52
867.0,0,0,0,0,0,52,0,2,54
870.0,0,0,0,0,0,51,0,2,53
873.0,0,0,0,0,0,51,0,2,53
876.0,0,0,0,0,0,50,0,2,52
879.0,0,0,0,0,0,52,0,2,54
882.0,0,0,0,0,0,58,0,2,60
885.0,0,0,0,0,0,56,0,2,58
888.0,0,0,0,0,0,57,0,2,59
891.0,0,0,0,0,0,57,0,2,59
894.0,0,0,0,0,0,55,0,2,57
897.0,0,0,0,0,0,56,0,2,58
900.0,0,0,0,0,0,55,0,2,57
903.0,0,0,0,0,0,55,0,2,57
906.0,0,0,0,0,0,54,0,2,56
909.0,0,0,0,0,0,58,0,1,59
912.0,0,0,0,0,0,55,0,1,56
915.0,0,0,0,0,0,55,0,1,56
918.0,0,0,0,0,0,54,0,1,55
921.0,0,0,0,0,0,56,0,1,57
924.0,0,0,0,0,0,58,0,1,59
927.0,0,0,0,0,0,55,0,1,56
930.0,0,0,0,0,0,59,0,1,60
933.0,0,0,0,0,0,65,0,1,66
936.0,0,0,0,0,0,65,0,1,66
939.0,0,0,0,0,0,64,0,1,65
942.0,0,0,0,0,0,66,0,1,67
945.0,0,0,0,0,0,66,0,1,67
948.0,0,0,0,0,0,67,0,1,68
951.0,0,0,0,0,0,69,0,1,70
954.0,0,0,0,0,0,68,0,1,69
957.0,0,0,0,0,0,69,0,1,70
960.0,0,0,0,0,0,68,0,1,69
963.0,0,0,0,0,0,66,0,1,67
966.0,0,0,0,0,0,67,0,1,68
969.0,0,0,0,0,0,66,0,1,67
972.0,0,0,0,0,0,67,0,1,68
975.0,0,0,0,0,0,65,0,0,65
978.0,0,0,0,0,0,64,0,0,64
981.0,0,0,0,0,0,62,0,0,62
984.0,0,0,0,0,0,63,0,0,63
987.0,0,0,0,0,0,64,0,0,64
990.0,0,0,0,0,0,63,0,0,63
993.0,0,0,0,0,0,61,0,0,61
996.0,0,0,0,1,0,61,0,0,62
999.0,0,0,0,1,0,60,0,0,61
1002.0,0,0,0,1,0,59,0,0,60
1005.0,0,0,0,1,0,56,0,0,57
1008.0,0,0,0,1,0,57,1,0,59
1011.0,0,0,0,1,0,58,1,0,60
1014.0,0,0,0,1,0,58,1,0,60
1017.0,0,0,0,1,0,55,3,0,59
1020.0,0,0,0,1,0,56,4,0,61
1023.0,0,0,0,1,0,59,6,0,66
1026.0,0,0,0,1,0,58,6,0,65
1029.0,0,0,0,1,0,57,7,0,65
1032.0,0,0,0,1,0,57,9,0,67
1035.0,0,0,0,1,0,58,9,0,68
1038.0,0,0,0,1,0,58,10,0,69
1041.0,0,0,0,1,0,60,12,0,73
1044.0,0,0,0,0,0,61,11,0,72
1047.0,0,0,0,0,0,61,12,0,73
1050.0,0,0,0,0,0,61,12,0,73
1053.0,0,0,0,0,0,63,12,0,75
1056.0,0,0,0,0,0,63,12,0,75
1059.0,0,0,0,0,0,60,10,0,70
1062.0,0,0,0,0,0,58,10,0,68
1065.0,0,0,0,0,0,57,9,0,66
1068.0,0,0,0,0,0,55,9,0,64
1071.0,0,0,0,0,0,55,9,0,64
1074.0,0,0,0,0,0,53,9,0,62
1077.0,0,0,0,0,0,52,9,0,61
1080.0,0,0,0,0,0,52,8,0,60
1083.0,0,0,0,0,0,51,7,0,58
1086.0,0,0,0,0,0,51,7,0,58
1089.0,0,0,0,0,0,51,6,0,57
1092.0,0,0,0,0,0,52,5,0,57
1095.0,0,0,0,0,0,50,5,0,55
1098.0,0,0,0,0,0,50,5,0,55
1101.0,0,0,0,0,0,52,5,0,57
1104.0,0,0,0,0,0,52,5,0,57
1107.0,0,0,0,0,0,51,5,0,56
1110.0,0,0,0,0,0,50,5,0,55
1113.0,0,0,0,0,0,50,4,0,54
1116.0,0,0,0,0,0,52,4,0,56
1119.0,0,0,0,0,0,52,4,0,56
1122.0,0,0,0,0,0,51,4,0,55
1125.0,0,0,0,0,0,50,4,0,54
1128.0,0,0,0,0,0,50,4,0,54
1131.0,0,0,0,0,0,52,4,0,56
1134.0,0,0,0,0,0,51,4,0,55
1137.0,0,0,0,0,0,49,4,0,53
1140.0,0,0,0,0,0,49,4,0,53
1143.0,0,0,0,0,0,47,4,0,51
1146.0,0,0,0,0,0,52,3,0,55
1149.0,1,0,0,0,0,53,3,0,57
1152.0,1,0,0,0,0,53,3,0,57
1155.0,1,0,0,0,0,52,3,0,56
1158.0,1,0,0,0,0,57,3,0,61
1161.0,1,0,0,0,0,56,3,0,60
1164.0,1,0,0,0,0,57,3,0,61
1167.0,1,0,0,0,0,58,3,0,62
1170.0,1,0,0,0,0,59,3,0,63
1173.0,0,0,0,0,0,61,3,0,64
1176.0,0,0,0,0,0,63,3,0,66
1179.0,0,0,0,0,0,63,3,0,66
1182.0,0,0,0,0,0,64,3,0,67
1185.0,0,0,0,0,0,64,3,0,67
1188.0,0,0,0,0,0,61,3,0,64
1191.0,0,0,0,0,0,60,3,0,63
1194.0,0,0,0,0,0,59,3,0,62
1197.0,0,0,0,0,0,60,3,0,63
1200.0,0,0,0,0,0,58,3,0,61
1203.0,0,0,0,0,0,59,2,0,61
1206.0,0,0,0,0,0,59,2,0,61
1209.0,0,0,0,0,0,58,2,0,60
1212.0,0,0,0,0,0,58,2,0,60
1215.0,0,0,0,0,0,60,2,0,62
1218.0,0,0,0,0,0,60,2,0,62
1221.0,0,0,0,0,0,55,2,0,57
1224.0,0,0,0,0,0,55,2,0,57
1227.0,0,0,0,0,0,56,2,0,58
1230.0,0,0,0,0,0,58,2,0,60
1233.0,0,0,0,0,0,58,2,0,60
1236.0,0,0,0,0,0,55,2,0,57
1239.0,0,0,0,0,0,54,2,0,56
1242.0,0,0,0,0,0,54,2,0,56
1245.0,0,0,0,0,0,54,2,0,56
1248.0,0,0,0,0,0,52,2,0,54
1251.0,0,0,0,0,0,53,2,0,55
1254.0,0,0,0,0,0,51,2,0,53
1257.0,0,0,0,0,0,47,2,0,49
1260.0,0,0,0,0,0,46,2,0,48
1263.0,0,0,0,0,0,46,2,0,48
1266.0,0,0,0,0,0,47,2,0,49
1269.0,0,0,0,0,0,48,2,0,50
1272.0,0,0,0,0,0,47,2,0,49
1275.0,0,0,0,0,0,48,2,0,50
1278.0,0,0,0,0,0,48,1,0,49
1281.0,0,0,0,0,0,49,1,0,50
1284.0,0,0,0,0,0,50,1,0,51
1287.0,0,0,0,0,0,54,1,0,55
1290.0,0,0,0,0,0,56,1,0,57
1293.0,0,0,0,0,0,56,1,0,57
1296.0,0,0,0,0,0,60,1,0,61
1299.0,0,0,0,0,0,60,1,0,61
1302.0,0,0,0,0,0,57,1,0,58
1305.0,0,0,0,0,0,55,1,0,56
1308.0,0,0,0,0,0,54,1,0,55
1311.0,0,0,0,0,0,53,1,0,54
1314.0,0,0,0,0,0,52,1,0,53
1317.0,0,0,0,0,0,51,1,0,52
1320.0,0,0,0,0,0,48,1,0,49
1323.0,0,0,0,0,0,45,1,0,46
1326.0,0,0,0,0,0,45,1,0,46
1329.0,0,0,0,0,0,47,1,0,48
1332.0,0,0,0,0,0,48,1,0,49
1335.0,0,0,0,0,0,49,1,0,50
1338.0,0,0,0,0,0,51,1,0,52
1341.0,0,0,0,0,0,51,1,0,52
1344.0,0,0,0,0,0,52,1,0,53
1347.0,0,0,0,0,0,51,1,0,52
1350.0,0,0,0,0,0,51,1,0,52
1353.0,0,0,0,0,0,52,1,0,53
1356.0,0,0,0,0,0,53,1,0,54
1359.0,0,0,0,0,0,52,1,0,53
1362.0,0,0,0,0,0,52,1,0,53
1365.0,0,0,0,0,0,51,1,0,52
1368.0,0,0,0,0,0,50,1,0,51
1371.0,0,0,0,0,0,50,1,0,51
1374.0,0,0,0,0,0,50,1,0,51
1377.0,0,0,0,0,0,51,1,0,52
1380.0,0,0,0,0,0,50,1,0,51
1383.0,0,0,0,0,0,49,1,0,50
1386.0,0,0,0,0,0,47,1,0,48
1389.0,0,0,0,0,0,45,1,0,46
1392.0,0,0,0,0,0,43,1,0,44
1395.0,0,0,0,0,0,42,1,0,43
1398.0,0,0,0,0,0,46,1,0,47
1401.0,0,0,0,0,0,48,1,0,49
1404.0,0,0,0,0,0,46,1,0,47
1407.0,0,0,0,0,0,45,1,0,46
1410.0,0,0,0,0,0,45,1,0,46
1413.0,0,0,0,0,0,47,1,0,48
1416.0,0,0,0,0,0,48,1,0,49
1419.0,0,0,0,0,0,48,1,0,49
1422.0,0,0,0,0,0,48,1,0,49
1425.0,0,0,0,0,0,46,1,0,47
1428.0,0,0,0,0,0,45,1,0,46
1431.0,0,0,0,0,0,44,1,0,45
1434.0,0,0,0,0,0,43,1,0,44
1437.0,0,0,0,0,0,44,1,0,45
1440.0,0,0,0,0,0,43,1,0,44
1443.0,0,0,0,0,0,43,1,0,44
1446.0,0,0,0,0,0,42,1,0,43
1449.0,0,0,0,0,0,44,1,0,45
1452.0,0,0,0,0,0,44,1,0,45
1455.0,0,0,0,0,0,44,1,0,45
1458.0,0,0,0,0,0,43,1,0,44
1461.0,0,0,0,0,0,41,1,0,42
1464.0,0,0,0,0,0,43,1,0,44
1467.0,0,0,0,0,0,40,1,0,41
1470.0,0,0,0,0,0,41,1,0,42
1473.0,0,0,0,0,0,40,1,0,41
1476.0,0,0,0,0,0,40,1,0,41
1479.0,0,0,0,0,0,40,1,0,41
1482.0,0,0,0,0,0,43,0,0,43
1485.0,0,0,0,0,0,42,0,0,42
1488.0,0,0,0,0,0,48,0,0,48
1491.0,0,0,0,0,0,52,0,0,52
1494.0,0,0,0,0,0,53,0,0,53
1497.0,0,0,0,0,0,55,0,0,55
1500.0,0,0,0,0,0,54,0,0,54
