Time,MKAKLLVLLCAFTATDADTICIGYHANNSTDTVDTVLEKNVTVTHSVNLLEDSHNGKLCRLKGIAPLQLGNCSIAGWILGNPECESLFSKESWSYIAETPNSENGTCYPGYFADYEEBREQLSSVSSFERFEIFPKESSWPNHTVTKGVTAACSHNGKSSFYRNLLWLTEKNGLYPNLSKSYVNNKEKEVLVLWGVHHPSNIGDQRAIYHTENAYVSVVSSHYSRRFTPEIAKRPKVRGQEGRINYYWTLLEPGDTIIFEANGNLIAPWYAFALSRGFGSGIITSNASMDECDAKCQTPQGAINSSLPFQNVHPVTIGECPKYVRSTKLRMVTGLRNIPSVQSRGLFGAIAGFIEGGWTGMIDGWYGYHHQNEQGSGYAADQKSTQNAINGITNKVNSVIEKMNTQFTAVGKEFNKLERRMENLNKKVDDGFLDIWTYNAELLVLLENERTLDFHDSNVKNLYEKVKSQLKNNAKEIGNGCFEFYHKCNNECMESVKNGTYDYPKYSEESKLNREKIDGVKLESMGVYQILAIYSTVASSLVLLVSLGAISFWMCSNGSLQCRICI,MKAKLLVLLCAFTATDADTICIGYHANNSTDTVDTVLEKNVTVTHSVNLLEDSHNGKLCRLKGIAPLQLGNCSIAGWILGNPECESLFSKESWSYIAETPNSENGTCYPGYFADYEELREQLSSVSSFERFEIFPKESSWPNHTATKGVTAACSHNGKSSFYRNLLWLTEKNGLYPNLSKSYVNNKEKEVLVLWGVHHPSNIGDQRAIYHTENAYVSVVSSHYSRRFTPEIAKRPKVRGQEGRINYYWTLLEPGDTIIFEANGNLIAPWYAFALSRGFGSGIITSNASMDECDAKCQTPQGAINSSLPFQNVHPVTIGECPKYVRSTKLRMVTGLRNIPSVQSRGLFGAIAGFIEGGWTGMIDGWYGYHHQNEQGSGYAADQKSTQNAINGITNKVNSVIEKMNTQFTAVGKEFNKLERRMENLNKKVDDGFLDIWTYNAELLVLLENERTLDFHDSNVKNLYEKVKSQLKNNAKEIGNGCFEFYHKCNNECAESVKNGTYDYPKYSEESKLNREKIDGVKLESMGVYQILAIYSTVASSLVLLVSLGAISFWMCSNGSLQCRICI,MKAKLLVLLCAFTATDADTICIGYHANNSTDTVDTVLEKNVTVTHSVNLLEDSHNGKLCRLKGIAPLQLGNCSIAGWILGNPECESLFSKESWSYIAETPNSENGTCYPGYFADYEELREQLSSVSSFERFEIFPKESSWPNHTVTKGVTAACSHNGKSSFYRNLLWLTEKNGLYPNLSKSYVNNKEKEVLVLWGVHHPSNIGDQRAIYHTENAYVSVVSSHYSRRFTPEIAKRPKVRGQEGRINYYWTLLEPGDTIIFEANGNLIAPWYAFALSRGFGSGIITSNASMDECDAKCQTPQGAINSSLPFQNVHPVTIGECPKYVRSTKLRMVTGLRNIPSVQSRGLFGAIAGFIEGGWTGMIDGWYGYHHQNEQGSGYAADQKSTQNAINGITNKVNSVIEKMNTQFTAVGKEFNKLERRMENLNKKVDDGFLDIWTYNAELLVLLENERTLDFHDSNVKNLYEKVKSQLKNNAKEIGNGCFEFYHKCNNECAESVKNGTYDYPKYSEESKLNREKIDGVKLESMGVYQILAIYSTVASSLVLLVSLGAISFWMCSNGSLQCRICI,MKAKLLVLLCAFTATDADTICIGYHANNSTDTVDTVLEKNVTVTHSVNLLEDSHNGKLCRLKGIAPLQLGNCSIAGWILGNPECESLFSKEBWSYIAETPNSENGTCYPGYFADYEELREQLSSVSSFERFEIFPKESSWPNHTVTKGVTAACSHNGKSSFYRNLLWLTEKNGLYPNLSKSYVNNKEKEVLVLWGVHHPSNIGDQRAIYHTENAYVSVVSSHYSRRFTPEIAKRPKVRGQEGRINYYWTLLEPGDTIIFEANGNLIAPWYAFALSRGFGSGIITSNASMDECDAKCQTPQGAINSSLPFQNVHPVTIGECPKYVRSTKLRMVTGLRNIPSVQSRGLFGAIAGFIEGGWTGMIDGWYGYHHQNEQGSGYAADQKSTQNAINGITNKVNSVIEKMNTQFTAVGKEFNKLERRMENLNKKVDDGFLDIWTYNAELLVLLENERTLDFHDSNVKNLYEKVKSQLKNNAKEIGNGCFEFYHKCNNECAESVKNGTYDYPKYSEESKLNREKIDGVKLESMGVYQILAIYSTVASSLVLLVSLGAISFWMCSNGSLQCRICI,MKAKLLVLLCAFTATDADTICIGYHANNSTDTVDTVLEKNVTVTHSVNLLEDSHNGKLCRLKGIAPLQLGNCSIAGWILGNPECESLFSKESWSYIAETPNSENGTCYPGYFADYEELREQLSSVSSFERFEIFPKESSWPNHTVTKGVTAACSHNGKSSFYRNLLWLTEKNGLYPNLSKSYVNNKEKEVLVLWGVHHPSNIGDQRAIYHTENAYVSVVSSHYSRRFTPEIAKRPKVRGQEGRINYYWTLLEPGDTIIFEANGNLIAPWYAFALSRGFGSGIITSNASMDECDAKCQTPQGAINSSLPFQNVHPVTIGECPKYVRSTKLRMVTGLRNIPSVQSRGLFGAIAGFIEGGWTGMIDGWYGYHHQNEQGSGYAADQKSTQNAINGITNKVNSVIEKMNTQFTAVGKEFNKLERRMENLNKKVDDGFLDIWTYNAELLVLLENERTLDFHDSNVKNLYEKVKSQLKNNAKEIGNGCFEFYHKCNNECMESVKNGTYDYPKYSEESKLNREKIDGVKLESMGVYQILAIYSTVASSLVLLVSLGAISFWMCSNGSLQCRICI,MKAKLLVLLCAFTATDADTICIGYHANNSTDTVDTVLEKNVTVTHSVNLLEDSHNGKLCRLKGIAPLQLGNCSIAGWILGNPECESLFSKESWSYIAETPNSENGTCYPGYFADYEELREQLSSVSSFERFEIFPKESSWPNHTVTKGVTAACSHNGKSSFYRNLLWLTEKNGLYPNLSKSYVNNKEKEVLVLWGVHHPSNIGDQRAIYHTENAYVSVVSSHYSRRFTPEIAKRPKVRGQEGRINYYWTLLEPGDTIIFEANGNLIAPWYAFALSRGFGSGIITSNASMDECDAKCQTPQGAINSSLPFQNVHPVTIGECPKYVASTKLRMVTGLRNIPSVQSRGLFGAIAGFIEGGWTGMIDGWYGYHHQNEQGSGYAADQKSTQNAINGITNKVNSVIEKMNTQFTAVGKEFNKLERRMENLNKKVDDGFLDIWTYNAELLVLLENERTLDFHDSNVKNLYEKVKSQLKNNAKEIGNGCFEFYHKCNNECMESVKNGTYDYPKYSEESKLNREKIDGVKLESMGVYQILAIYSTVASSLVLLVSLGAISFWMCSNGSLQCRICI,MKAKLLVLLCAFTATDADTICIGYHANNSTDTVDTVLEKNVTVTHSVNLLEDSHNGKLCRLKGIAPLQLGNCSIAGWILGNPECESLFSKESWSYIAETPNSENGTCYPGYFADYEELREQLSSVSSFERFEIFPKESSWPNHTVTKGVTAACSHNGKSSFYRNLLWLTEKNGLYPNLSKSYVNNKEKEVLVLWGVHHPSNIGDQRAIYHTENAYVSVVSSHYSRRFTPEIAKRPKVRGQEGRINYYWTLLEPGDTIIFEANGNLIAPWYAFALSRGFGSGIITSNASMDECDAKCQTPQGAINSSLPFQNVHPVTIGECPKYVRSTKLRMVTGLRNIPSVQSRGLFGAIAGFIEAGWTGMIDGWYGYHHQNEQGSGYAADQKSTQNAINGITNKVNSVIEKMNTQFTAVGKEFNKLERRMENLNKKVDDGFLDIWTYNAELLVLLENERTLDFHDSNVKNLYEKVKSQLKNNAKEIGNGCFEFYHKCNNECAESVKNGTYDYPKYSEESKLNREKIDGVKLESMGVYQILAIYSTVASSLVLLVSLGAISFWMCSNGSLQCRICI,Other,Total
0.0,0,0,0,0,14,0,0,0,14
3.0,0,0,0,0,17,0,0,0,17
6.0,0,0,0,0,10,0,0,0,10
9.0,0,0,0,0,17,0,0,0,17
12.0,0,0,0,0,19,0,0,0,19
15.0,0,0,0,0,21,0,0,0,21
18.0,0,0,0,0,11,0,0,0,11
21.0,0,0,0,0,11,0,0,0,11
24.0,0,0,0,0,11,0,0,0,11
27.0,0,0,0,0,14,0,0,0,14
30.0,0,0,0,0,8,0,0,0,8
33.0,0,0,0,0,6,0,0,0,6
36.0,0,0,0,0,6,0,0,0,6
39.0,0,0,0,0,6,0,0,0,6
42.0,0,0,0,0,5,0,0,0,5
45.0,0,0,0,0,5,0,0,0,5
48.0,0,0,0,0,1,0,0,0,1
51.0,0,0,0,0,1,0,0,0,1
54.0,0,0,0,0,5,0,0,0,5
57.0,0,0,0,0,5,0,0,0,5
60.0,0,0,0,0,5,0,0,0,5
63.0,0,0,0,0,4,0,0,0,4
66.0,0,0,0,0,1,0,0,0,1
69.0,0,0,0,0,2,0,0,0,2
72.0,0,0,0,0,2,0,0,0,2
75.0,0,0,0,0,0,0,0,0,0
78.0,0,0,0,0,6,0,0,0,6
81.0,0,0,0,0,1,0,0,0,1
84.0,0,0,0,0,0,0,0,0,0
87.0,0,0,0,0,3,0,0,0,3
90.0,0,0,0,0,0,0,0,0,0
93.0,0,0,0,0,1,0,0,0,1
96.0,0,0,0,0,0,0,0,0,0
99.0,0,0,0,0,0,0,0,0,0
102.0,0,0,0,0,2,0,0,0,2
105.0,0,0,0,0,1,0,0,0,1
108.0,0,0,0,0,1,0,0,0,1
111.0,0,0,0,0,2,0,0,0,2
114.0,0,0,0,0,1,0,0,0,1
117.0,0,0,0,0,2,0,0,0,2
120.0,0,0,0,0,1,0,0,0,1
123.0,0,0,0,0,3,0,0,0,3
126.0,0,0,0,0,3,0,0,0,3
129.0,0,0,0,0,7,0,0,0,7
132.0,0,0,0,0,3,0,0,0,3
135.0,0,0,0,0,4,0,0,0,4
138.0,0,0,0,0,1,0,0,0,1
141.0,0,0,0,0,6,0,0,0,6
144.0,0,0,0,0,4,0,0,0,4
147.0,0,0,0,0,4,0,0,0,4
150.0,0,0,0,0,5,0,0,0,5
153.0,0,0,0,0,5,0,0,0,5
156.0,0,0,0,0,1,0,0,0,1
159.0,0,0,0,0,5,0,0,0,5
162.0,0,0,0,0,5,0,0,0,5
165.0,0,0,0,0,6,0,0,0,6
168.0,0,0,0,0,7,0,0,0,7
171.0,0,0,0,0,6,0,0,0,6
174.0,0,0,0,0,5,0,0,0,5
177.0,0,0,0,0,2,0,0,0,2
180.0,0,0,0,0,5,0,0,0,5
183.0,0,0,0,0,6,0,0,0,6
186.0,0,0,0,0,6,0,0,0,6
189.0,0,0,0,0,2,0,0,0,2
192.0,0,0,0,0,1,0,0,0,1
195.0,0,0,0,0,1,0,0,0,1
198.0,0,0,0,0,3,0,0,0,3
201.0,0,0,0,0,2,0,0,0,2
204.0,0,0,0,0,2,0,0,0,2
207.0,0,0,0,0,1,0,0,0,1
210.0,0,0,0,0,1,0,0,0,1
213.0,0,0,0,0,5,0,0,0,5
216.0,0,0,0,0,0,0,0,0,0
219.0,0,0,0,0,4,0,0,0,4
222.0,0,0,0,0,3,0,0,0,3
225.0,0,0,0,0,1,0,0,0,1
228.0,0,0,0,0,0,0,0,0,0
231.0,0,0,0,0,1,0,0,0,1
234.0,0,0,0,0,0,0,0,0,0
237.0,0,0,0,0,0,0,0,0,0
240.0,0,0,0,0,0,0,0,0,0
243.0,0,0,0,0,1,0,0,0,1
246.0,0,0,0,0,0,0,0,0,0
249.0,0,0,0,0,0,0,0,0,0
252.0,0,0,0,0,6,0,0,0,6
255.0,0,0,0,0,5,0,0,0,5
258.0,0,0,0,0,3,0,0,0,3
261.0,0,0,0,0,6,0,0,0,6
264.0,0,0,0,0,6,0,0,0,6
267.0,0,0,0,0,2,0,0,0,2
270.0,0,0,0,0,7,0,0,0,7
273.0,0,0,0,0,4,0,0,0,4
276.0,0,0,0,0,5,0,0,0,5
279.0,0,0,0,0,5,0,0,0,5
282.0,0,0,0,0,7,0,0,0,7
285.0,0,0,0,0,8,0,0,0,8
288.0,0,0,0,0,5,0,0,0,5
291.0,0,0,0,0,5,0,0,0,5
294.0,0,0,0,0,6,0,0,0,6
297.0,0,0,0,0,2,0,0,0,2
300.0,0,0,0,0,2,0,0,0,2
303.0,0,0,0,0,6,0,0,0,6
306.0,0,0,0,0,7,0,0,0,7
309.0,0,0,0,0,2,0,0,0,2
312.0,0,0,0,0,2,0,0,0,2
315.0,0,0,0,0,1,0,0,0,1
318.0,0,0,0,0,3,0,0,0,3
321.0,0,0,0,0,2,0,0,0,2
324.0,0,0,0,0,0,0,0,0,0
327.0,0,0,0,0,1,0,0,0,1
330.0,0,0,0,0,2,0,0,0,2
333.0,0,0,0,0,1,0,0,0,1
336.0,0,0,0,0,0,0,0,0,0
339.0,0,0,0,0,1,0,0,0,1
342.0,0,0,0,0,3,0,0,0,3
345.0,0,0,0,0,5,0,0,0,5
348.0,0,0,0,0,2,0,0,0,2
351.0,0,0,0,0,1,0,0,0,1
354.0,0,0,0,0,2,0,0,0,2
357.0,0,0,0,0,3,0,0,0,3
360.0,0,0,0,0,3,0,0,0,3
363.0,0,0,0,0,1,0,0,0,1
366.0,0,0,0,0,4,0,0,0,4
369.0,0,0,0,0,5,0,0,0,5
372.0,0,0,0,0,1,0,0,0,1
375.0,0,0,0,0,5,0,0,0,5
378.0,0,0,0,0,3,0,0,0,3
381.0,0,0,0,0,3,0,0,0,3
384.0,0,0,0,0,9,0,0,0,9
387.0,0,0,0,0,6,0,0,0,6
390.0,0,0,0,0,1,0,0,0,1
393.0,0,0,0,0,6,0,0,0,6
396.0,0,0,0,0,7,0,0,0,7
399.0,0,0,0,0,2,0,0,0,2
402.0,0,0,0,0,3,0,0,0,3
405.0,0,0,0,0,1,0,0,0,1
408.0,0,0,0,0,4,0,0,0,4
411.0,0,0,0,0,1,0,0,0,1
414.0,0,0,0,0,1,0,0,0,1
417.0,0,0,0,0,1,0,0,0,1
420.0,0,0,0,0,2,0,0,0,2
423.0,0,0,0,0,2,0,0,0,2
426.0,0,0,0,0,1,0,0,0,1
429.0,0,0,0,0,2,0,0,0,2
432.0,0,0,0,0,2,0,0,0,2
435.0,0,0,0,0,0,0,0,0,0
438.0,0,0,0,0,3,0,0,0,3
441.0,0,0,0,0,2,0,0,0,2
444.0,0,0,0,0,5,0,0,0,5
447.0,0,0,0,0,4,0,0,0,4
450.0,0,0,0,0,5,0,0,0,5
453.0,0,0,0,0,4,0,0,0,4
456.0,0,0,0,0,3,0,0,0,3
459.0,0,0,0,0,4,1,0,0,5
462.0,0,0,0,0,8,0,0,0,8
465.0,0,0,0,0,6,0,0,0,6
468.0,0,0,0,0,9,0,0,0,9
471.0,0,0,0,0,3,0,0,0,3
474.0,0,0,0,0,7,0,0,0,7
477.0,0,0,0,0,5,0,0,0,5
480.0,0,0,0,0,6,0,0,0,6
483.0,0,0,0,0,7,0,0,0,7
486.0,0,0,0,0,4,0,0,0,4
489.0,0,0,1,0,1,0,0,0,2
492.0,1,0,0,0,4,0,0,0,5
495.0,0,0,0,0,5,0,0,0,5
498.0,1,0,0,0,1,0,0,0,2
501.0,1,0,1,0,1,0,0,0,3
504.0,0,0,0,0,0,0,0,0,0
507.0,3,0,0,0,1,0,0,0,4
510.0,2,0,2,0,1,0,0,0,5
513.0,0,0,0,0,1,0,0,0,1
516.0,3,0,2,0,0,0,0,0,5
519.0,1,0,0,0,0,0,0,0,1
522.0,0,0,1,0,0,0,0,0,1
525.0,0,0,0,0,0,0,0,0,0
528.0,0,0,3,0,0,0,0,0,3
531.0,1,0,2,0,0,0,0,0,3
534.0,0,0,2,0,0,0,0,0,2
537.0,0,0,1,0,0,0,0,0,1
540.0,1,0,1,0,0,0,0,0,2
543.0,1,0,2,0,0,0,0,0,3
546.0,1,0,0,0,0,0,0,0,1
549.0,0,0,0,0,0,0,0,0,0
552.0,0,0,1,0,0,0,0,0,1
555.0,0,0,2,0,0,0,0,0,2
558.0,0,0,8,0,0,0,0,0,8
561.0,0,0,5,0,0,0,0,0,5
564.0,0,0,2,0,0,0,0,0,2
567.0,0,0,4,0,0,0,0,0,4
570.0,0,0,6,0,0,0,0,0,6
573.0,0,0,3,0,0,0,0,0,3
576.0,0,0,3,0,0,0,0,0,3
579.0,0,0,4,0,0,0,0,0,4
582.0,0,0,1,0,0,0,0,0,1
585.0,0,0,4,0,0,0,0,0,4
588.0,0,0,0,0,0,0,0,0,0
591.0,0,0,2,0,0,0,0,0,2
594.0,0,0,6,0,0,0,0,0,6
597.0,0,0,7,0,0,0,0,0,7
600.0,0,0,7,0,0,0,0,0,7
603.0,0,0,7,0,0,0,0,0,7
606.0,0,0,6,0,0,0,0,0,6
609.0,0,0,4,0,0,0,0,0,4
612.0,0,0,6,0,0,0,0,0,6
615.0,0,0,5,0,0,0,0,0,5
618.0,0,0,3,0,0,0,0,0,3
621.0,0,0,4,0,0,0,0,0,4
624.0,0,0,5,0,0,0,0,0,5
627.0,0,0,2,0,0,0,0,0,2
630.0,0,0,1,0,0,0,0,0,1
633.0,0,0,3,0,0,0,0,0,3
636.0,0,0,3,0,0,0,0,0,3
639.0,0,0,1,0,0,0,0,0,1
642.0,0,0,4,0,0,0,0,0,4
645.0,0,0,2,0,0,0,0,0,2
648.0,0,0,3,0,0,0,0,0,3
651.0,0,0,4,0,0,0,0,0,4
654.0,0,0,4,0,0,0,0,0,4
657.0,0,0,1,0,0,0,0,0,1
660.0,0,0,5,0,0,0,0,0,5
663.0,0,0,0,0,0,0,0,0,0
666.0,0,0,2,0,0,0,0,0,2
669.0,0,0,1,0,0,0,0,0,1
672.0,0,0,5,0,0,0,0,0,5
675.0,0,0,3,0,0,0,0,0,3
678.0,0,0,2,0,0,0,0,0,2
681.0,0,0,5,0,0,0,0,0,5
684.0,0,0,3,0,0,0,0,0,3
687.0,0,0,3,0,0,0,0,0,3
690.0,0,0,3,0,0,0,0,0,3
693.0,0,0,6,0,0,0,0,0,6
696.0,0,0,5,0,0,0,0,0,5
699.0,0,0,6,0,0,0,0,0,6
702.0,0,0,4,0,0,0,0,0,4
705.0,0,0,6,0,0,0,0,0,6
708.0,0,0,7,0,0,0,1,0,8
711.0,0,0,5,0,0,0,0,0,5
714.0,0,0,3,0,0,0,0,0,3
717.0,0,0,6,0,0,0,0,0,6
720.0,0,0,3,0,0,0,0,0,3
723.0,0,0,5,0,0,0,0,0,5
726.0,0,0,2,0,0,0,0,0,2
729.0,0,0,2,0,0,0,0,0,2
732.0,0,0,2,0,0,0,0,0,2
735.0,0,0,3,0,0,0,0,0,3
738.0,0,0,7,0,0,0,0,0,7
741.0,0,0,6,0,0,0,0,0,6
744.0,0,0,6,0,0,0,0,0,6
747.0,0,0,3,0,0,0,0,0,3
750.0,0,0,3,0,0,0,0,0,3
753.0,0,0,2,0,0,0,0,0,2
756.0,0,0,2,0,0,0,0,0,2
759.0,0,0,2,0,0,0,0,0,2
762.0,0,0,1,0,0,0,0,0,1
765.0,0,0,0,0,0,0,0,0,0
768.0,0,0,0,0,0,0,0,0,0
771.0,0,0,0,0,0,0,0,0,0
774.0,0,0,0,1,0,0,0,0,1
777.0,0,0,1,1,0,0,0,0,2
780.0,0,0,0,1,0,0,0,0,1
783.0,0,0,5,1,0,0,0,0,6
786.0,0,0,4,1,0,0,0,0,5
789.0,0,0,4,0,0,0,0,0,4
792.0,0,0,3,1,0,0,0,0,4
795.0,0,0,3,0,0,0,0,0,3
798.0,0,0,3,1,0,0,0,0,4
801.0,0,0,0,1,0,0,0,0,1
804.0,0,0,5,2,0,0,0,0,7
807.0,0,0,4,0,0,0,0,0,4
810.0,0,0,5,2,0,0,0,0,7
813.0,0,0,0,0,0,0,0,0,0
816.0,0,0,3,0,0,0,0,0,3
819.0,0,0,4,0,0,0,0,0,4
822.0,0,0,3,0,0,0,0,0,3
825.0,0,0,2,0,0,0,0,0,2
828.0,0,0,1,0,0,0,0,0,1
831.0,0,0,4,0,0,0,0,0,4
834.0,0,0,2,0,0,0,0,0,2
837.0,0,0,0,0,0,0,0,0,0
840.0,0,0,1,0,0,0,0,0,1
843.0,0,0,3,0,0,0,0,0,3
846.0,0,0,3,0,0,0,0,0,3
849.0,0,0,3,0,0,0,0,1,4
852.0,0,0,6,0,0,0,0,0,6
855.0,0,0,5,0,0,0,0,0,5
858.0,0,0,9,0,0,0,0,0,9
861.0,0,0,3,0,0,0,0,0,3
864.0,0,0,4,0,0,0,0,0,4
867.0,0,0,2,0,0,0,0,0,2
870.0,0,0,1,0,0,0,0,0,1
873.0,0,0,5,0,0,0,0,0,5
876.0,0,0,3,0,0,0,0,0,3
879.0,0,0,4,0,0,0,0,0,4
882.0,0,0,4,0,0,0,0,0,4
885.0,0,0,4,0,0,0,0,0,4
888.0,0,0,4,0,0,0,0,0,4
891.0,0,0,5,0,0,0,0,0,5
894.0,0,0,2,0,0,0,0,0,2
897.0,0,0,2,0,0,0,0,0,2
900.0,0,0,6,0,0,0,0,0,6
903.0,0,0,5,0,0,0,0,0,5
906.0,0,0,5,0,0,0,0,0,5
909.0,0,0,3,0,0,0,0,0,3
912.0,0,0,3,0,0,0,0,0,3
915.0,0,0,2,0,0,0,0,0,2
918.0,0,0,7,0,0,0,0,0,7
921.0,0,0,2,0,0,0,0,0,2
924.0,0,0,5,0,0,0,0,0,5
927.0,0,0,9,0,0,0,0,0,9
930.0,0,0,3,0,0,0,0,0,3
933.0,0,0,5,0,0,0,0,0,5
936.0,0,0,1,0,0,0,0,0,1
939.0,0,0,2,0,0,0,0,0,2
942.0,0,0,3,0,0,0,0,0,3
945.0,0,0,3,0,0,0,0,0,3
948.0,0,0,3,0,0,0,0,0,3
951.0,0,0,3,0,0,0,0,0,3
954.0,0,0,3,0,0,0,0,0,3
957.0,0,0,4,0,0,0,0,0,4
960.0,0,0,1,0,0,0,0,0,1
963.0,0,0,3,0,0,0,0,0,3
966.0,0,0,1,0,0,0,0,0,1
969.0,0,0,6,0,0,0,0,0,6
972.0,0,0,3,0,0,0,0,0,3
975.0,0,0,3,0,0,0,0,0,3
978.0,0,0,1,0,0,0,0,0,1
981.0,0,0,3,0,0,0,0,0,3
984.0,0,0,3,0,0,0,0,0,3
987.0,0,0,3,0,0,0,0,0,3
990.0,0,0,2,0,0,0,0,0,2
993.0,0,0,0,0,0,0,0,0,0
996.0,0,0,4,0,0,0,0,0,4
999.0,0,0,4,0,0,0,0,0,4
1002.0,0,0,3,0,0,0,0,0,3
1005.0,0,0,3,0,0,0,0,0,3
1008.0,0,1,2,0,0,0,0,0,3
1011.0,0,1,4,0,0,0,0,0,5
1014.0,0,1,5,0,0,0,0,0,6
1017.0,0,0,8,0,0,0,0,0,8
1020.0,0,2,6,0,0,0,0,0,8
1023.0,0,4,1,0,0,0,0,0,5
1026.0,0,2,2,0,0,0,0,0,4
1029.0,0,3,4,0,0,0,0,0,7
1032.0,0,1,1,0,0,0,0,0,2
1035.0,0,1,0,0,0,0,0,0,1
1038.0,0,3,5,0,0,0,0,0,8
1041.0,0,1,2,0,0,0,0,0,3
1044.0,0,1,3,0,0,0,0,0,4
1047.0,0,0,4,0,0,0,0,0,4
1050.0,0,0,2,0,0,0,0,0,2
1053.0,0,0,4,0,0,0,0,0,4
1056.0,0,0,2,0,0,0,0,0,2
1059.0,0,0,1,0,0,0,0,0,1
1062.0,0,0,3,0,0,0,0,0,3
1065.0,0,0,2,0,0,0,0,0,2
1068.0,0,0,2,0,0,0,0,0,2
1071.0,0,0,2,0,0,0,0,0,2
1074.0,0,0,1,0,0,0,0,0,1
1077.0,0,0,0,0,0,0,0,0,0
1080.0,0,0,1,0,0,0,0,0,1
1083.0,0,0,1,0,0,0,0,0,1
1086.0,0,0,1,0,0,0,0,0,1
1089.0,0,0,1,0,0,0,0,0,1
1092.0,0,0,1,0,0,0,0,0,1
1095.0,0,0,2,0,0,0,0,0,2
1098.0,0,0,1,0,0,0,0,0,1
1101.0,0,0,2,0,0,0,0,0,2
1104.0,0,0,6,0,0,0,0,0,6
1107.0,0,0,2,0,0,0,0,0,2
1110.0,0,0,0,0,0,0,0,0,0
1113.0,0,0,1,0,0,0,0,0,1
1116.0,0,0,2,0,0,0,0,0,2
1119.0,0,0,4,0,0,0,0,0,4
1122.0,0,0,1,0,0,0,0,0,1
1125.0,0,0,3,0,0,0,0,0,3
1128.0,0,0,3,0,0,0,0,0,3
1131.0,0,0,5,0,0,0,0,0,5
1134.0,0,0,6,0,0,0,0,0,6
1137.0,0,0,5,0,0,0,0,0,5
1140.0,0,0,4,0,0,0,0,0,4
1143.0,0,0,5,0,0,0,0,0,5
1146.0,0,0,5,0,0,0,0,0,5
1149.0,0,0,8,0,0,0,0,0,8
1152.0,0,0,6,0,0,0,0,0,6
1155.0,0,0,7,0,0,0,0,0,7
1158.0,0,0,6,0,0,0,0,0,6
1161.0,0,0,7,0,0,0,0,0,7
1164.0,0,0,4,0,0,0,0,0,4
1167.0,0,0,3,0,0,0,0,0,3
1170.0,0,0,4,0,0,0,0,0,4
1173.0,0,0,3,0,0,0,0,0,3
1176.0,0,0,5,0,0,0,0,0,5
1179.0,0,0,7,0,0,0,0,0,7
1182.0,0,0,3,0,0,0,0,0,3
1185.0,0,0,2,0,0,0,0,0,2
1188.0,0,0,3,0,0,0,0,0,3
1191.0,0,0,1,0,0,0,0,0,1
1194.0,0,0,1,0,0,0,0,0,1
1197.0,0,0,3,0,0,0,0,0,3
1200.0,0,0,4,0,0,0,0,0,4
1203.0,0,0,3,0,0,0,0,0,3
1206.0,0,0,2,0,0,0,0,0,2
1209.0,0,0,3,0,0,0,0,0,3
1212.0,0,0,2,0,0,0,0,0,2
1215.0,0,0,2,0,0,0,0,0,2
1218.0,0,0,2,0,0,0,0,0,2
1221.0,0,0,3,0,0,0,0,0,3
1224.0,0,0,3,0,0,0,0,0,3
1227.0,0,0,3,0,0,0,0,0,3
1230.0,0,0,2,0,0,0,0,0,2
1233.0,0,0,5,0,0,0,0,0,5
1236.0,0,0,2,0,0,0,0,0,2
1239.0,0,0,2,0,0,0,0,0,2
1242.0,0,0,1,0,0,0,0,0,1
1245.0,0,0,1,0,0,0,0,0,1
1248.0,0,0,1,0,0,0,0,0,1
1251.0,0,0,1,0,0,0,0,0,1
1254.0,0,0,3,0,0,0,0,0,3
1257.0,0,0,6,0,0,0,0,0,6
1260.0,0,0,0,0,0,0,0,0,0
1263.0,0,0,4,0,0,0,0,0,4
1266.0,0,0,2,0,0,0,0,0,2
1269.0,0,0,2,0,0,0,0,0,2
1272.0,0,0,5,0,0,0,0,0,5
1275.0,0,0,3,0,0,0,0,0,3
1278.0,0,0,9,0,0,0,0,0,9
1281.0,0,0,6,0,0,0,0,0,6
1284.0,0,0,4,0,0,0,0,0,4
1287.0,0,0,3,0,0,0,0,0,3
1290.0,0,0,3,0,0,0,0,0,3
1293.0,0,0,8,0,0,0,0,0,8
1296.0,0,0,4,0,0,0,0,0,4
1299.0,0,0,3,0,0,0,0,0,3
1302.0,0,0,6,0,0,0,0,0,6
1305.0,0,0,7,0,0,0,0,0,7
1308.0,0,0,2,0,0,0,0,0,2
1311.0,0,0,4,0,0,0,0,0,4
1314.0,0,0,3,0,0,0,0,0,3
1317.0,0,0,4,0,0,0,0,0,4
1320.0,0,0,2,0,0,0,0,0,2
1323.0,0,0,2,0,0,0,0,1,3
1326.0,0,0,2,0,0,0,0,0,2
1329.0,0,0,1,0,0,0,0,0,1
1332.0,0,0,5,0,0,0,0,0,5
1335.0,0,0,2,0,0,0,0,0,2
1338.0,0,0,3,0,0,0,0,0,3
1341.0,0,0,3,0,0,0,0,0,3
1344.0,0,0,2,0,0,0,0,0,2
1347.0,0,0,1,0,0,0,0,0,1
1350.0,0,0,12,0,0,0,0,0,12
1353.0,0,0,2,0,0,0,0,0,2
1356.0,0,0,3,0,0,0,0,0,3
1359.0,0,0,0,0,0,0,0,0,0
1362.0,0,0,1,0,0,0,0,0,1
1365.0,0,0,4,0,0,0,0,0,4
1368.0,0,0,1,0,0,0,0,0,1
1371.0,0,0,2,0,0,0,0,0,2
1374.0,0,0,2,0,0,0,0,0,2
1377.0,0,0,7,0,0,0,0,0,7
1380.0,0,0,1,0,0,0,0,0,1
1383.0,0,0,3,0,0,0,0,0,3
1386.0,0,0,3,0,0,0,0,0,3
1389.0,0,0,4,0,0,0,0,0,4
1392.0,0,0,0,0,0,0,0,0,0
1395.0,0,0,4,0,0,0,0,0,4
1398.0,0,0,2,0,0,0,0,0,2
1401.0,0,0,1,0,0,0,0,0,1
1404.0,0,0,0,0,0,0,0,0,0
1407.0,0,0,4,0,0,0,0,0,4
1410.0,0,0,1,0,0,0,0,0,1
1413.0,0,0,6,0,0,0,0,0,6
1416.0,0,0,3,0,0,0,0,0,3
1419.0,0,0,3,0,0,0,0,0,3
1422.0,0,0,2,0,0,0,0,0,2
1425.0,0,0,2,0,0,0,0,0,2
1428.0,0,0,1,0,0,0,0,0,1
1431.0,0,0,4,0,0,0,0,0,4
1434.0,0,0,1,0,0,0,0,0,1
1437.0,0,0,1,0,0,0,0,0,1
1440.0,0,0,0,0,0,0,0,0,0
1443.0,0,0,3,0,0,0,0,0,3
1446.0,0,0,4,0,0,0,0,0,4
1449.0,0,0,1,0,0,0,0,0,1
1452.0,0,0,1,0,0,0,0,0,1
1455.0,0,0,2,0,0,0,0,0,2
1458.0,0,0,2,0,0,0,0,0,2
1461.0,0,0,1,0,0,0,0,0,1
1464.0,0,0,3,0,0,0,0,0,3
1467.0,0,0,4,0,0,0,0,0,4
1470.0,0,0,3,0,0,0,0,0,3
1473.0,0,0,4,0,0,0,0,0,4
1476.0,0,0,4,0,0,0,0,0,4
1479.0,0,0,4,0,0,0,0,0,4
1482.0,0,0,3,0,0,0,0,0,3
1485.0,0,0,3,0,0,0,0,0,3
1488.0,0,0,5,0,0,0,0,0,5
1491.0,0,0,4,0,0,0,0,0,4
1494.0,0,0,6,0,0,0,0,0,6
1497.0,0,0,3,0,0,0,0,0,3
1500.0,0,0,5,0,0,0,0,0,5
