Time,MKAKLLVLLCAFTATDADTICIGYHANNSTDTVDTVLEKNVTVTHSVNLLEDSHNGKLCRLKGIAPLQLGNCSIAGWILGNPECESLFSKESWSYIAETPNSENGTCYPGYFADYEELREQLSSVSSFERFEIFPKESSWPNHTVTKGVTAACSHNGKSSFYRNLLWLTEKNGLYPNLSKSYVNNKEKEVLVLWGVHHPSNIGDQRAIYHTENAYVSVVSSHYSRRFTPEIAKRPKVRGQEGRINYYWTLLEPGDTIIFEANGNLIAPWYAFALSRGFGSGIITSNASMDECDAKCQTPQGAINSSLPFQNVHPVTIGECPKYVRSTKLRMVTGLRNIPSVQSRGLFGAIAGFIEGGWTGMIDGWYGYHHQNEQGSGYAADQKSTQNAINGITNKVNSVIEKMNTQFTAVGKEFNKLERRMENLNKKVDDGFLDIWTYNAELLVLLENERTLDFHDSNVKNLYEKVKSQLKNNAKEIGNGCFEFYHKCNNECMESVKNGTYDYPKYSEESKLNREKIDGVKLESMGVYQILAIYSTVASSLVLLVSLGAISFWMCSNGSLQCRICI,MKAKLLVLLCAFTATDADTICIGYHANNSTDTVDTVLEKNVTVTHSVNLLEDSHNGKLCRLKGIAPLQLGNCSIAGWILGNPECESLFSKESWSYIAETPNSENGTCYPGYFADYEELREQLSSVSSFERFEIFPKESSWPNHTVTKGVTAACSHNGKSSFYRNLLWLTEKNGLYPNLSKSYVNNKEKEVLVLWGVHHPSNIGDQRAIYHTENAYVSVVSSHYSRRFTPEIAKRPKTRGQEGRINYYWTLLEPGDTIIFEANGNLIAPWYAFALSRGFGSGIITSNASMDECDAKCQTPQGAINSSLPFQNVHPVTIGECPKYVRSTKLRMVTGLRNIPSVQSRGLFGAIAGFIEGGWTGMIRGWYGYHHQNEQGSGYAADQKSTQNAINGITNKVNSVIEKMNTQFTAVGKEFNKLERRMENLNKKVDDGFLDIWTYNAELLVLLENERTLDFHDSNVKNLYEKVKSQLKNNAKEIGNGCFEFYHKCNNECMESVKNGTYDYPKYSEESKLNREKIDGVKLESMGVYQILAIYSTVASSLVLLVSLGAISFWMCSNGSLQCRICI,MKCKLLVLLCAFTATDADTICIGYHANNSTDTVDTVLEKNVTVTHSVNLLEDSHNGKLCRLKGIAPLQLGNCSIAGWILGNPECESLFSKESWMYIAETYNSENGTCYPGYFADYEELREQLSSVSSFERFEIFPKESSWPNHTYTKGVTAACSHNGKSSFYRNLLWLTEKNVSYPNLSKSYVNNKEKEVLVIWGVHHPSNIGDQRAIYHTENAYVSVVSSHYVRRFTPEIAKRPKQRGQEGRINYYWTLLEPGDTIIFEANGNLIAPWMAFALSRGFGSGIITSNASMDECDAKCQTPQGAINSSLPFQNVHPVTIGECPKYVRSTKLRMVTGLRNFPSVQSRGLFGAIAMFIELGWTGMIDGWYGYHHQNEQGSGYAADQKSTQNAINDITNKVNSVIEKMNTQFTAVGKEFNKLERRMENLNKKVDDGFLDMWTYNAELLVLLENERTLDFHDSNVKNLYEYVKSQLKNNAKEIGNGCFEFYHKCNNECMESVKNGTYDYPKYSEESKLNREKIDGVKLESMGVPQILAIYSTVASSLVLLVCLGWISFWMCSNGSLQCRICI,MKAKLLVLLCAFTATDADTICIGYHANNSTDTVDTVLEKNVTVTHSVNLLLDSHNGKLCRLKGIAPLQLGNCSIAGWILGNPECESLFSKESWSYIAETPNSENGTCYPGYFADYEELREQLSSVSSFERFEIFPKESSWPRHTVTKGVTAACSHNCKSSFYRNLWWLTEKNGLYPNLSKSYVNNKEKEVLVLWGVHHPSNIGDQRAIYHTENAYVSVVSSHYSRRFTPEIAKRPKVRTQEGRINFYWTELEPGDTIIFEANGNLIAPWYAFALSRGFGSMIITSNASMDECDAKCQTPQGAINLSLPFQNVHPVTIGECPKYVRSNKLRMVTGLRNIPSVQSRGLFGAIAGFIEGGWTGMIDGWYGYHHQNEQGSGYAADQKSTDNAINCITNKVNSVIEKMNRQFTAVGKEFNKLERRMENLNKKVDDCFLDIWTYNAELLVLLENERTLDFHDSNVKNLYEKVKSQDKNNAKEIGNGCFEFYHKCNNECMESVKNGTYDYPKYSEESKANREKIDGVKLESMGVYQILAIYSTVASYLVLLVSLGAISFWMCSNGSLQCRICI,MKAKLLVLLCAFTATDADTICIGYHANNSTDWVDTVLEKNVTVTHSVNLLEDSHNGKLCRLKGIAPLQLGNCSIAGWILGNPECESLFSKESWSYIAETPNSENGTCYPGYFADYEELREQLSSVSSFERFEIFPKESSWPNHTVTKGVTAAQSHNGKSSFYRNLLWLTEKNGLYPNLSKSYVNNKEKEVLVLWGVHHPSNIGDQRAIYHTENAYVSVVSSHYSRRFTPEIAKRPKVRGQEGRINYYWTLLEPGDTIIFEANGNLIAPWYAFALSRGFGSGIITSNASMDECDAKCQTPQGAINSSLPFQNVHPVTIGECPKYVRSTKLRMVTGLRNIPSVQSRGLFGAIAGFIEGGWTGMIDGWYGYHHQNEQGSGYAADQKSTQNAINGITNKVNEVIEKMNTQFTAVGKEFNKLERRMENLNKKVDDGFLDIWTYNAELLVLLENERTLDFHDSNVKNLYEKVKSQLKNNAKEIGNGCFEFYHKCNNECMESVKNGTYDYPKYSEESKLNREKIDGVKLESMGVYQILAIYSTVASSLVLLVSLGAISFWMCSNGSLQCRICI,MKAKLLVLLCAFTATDADTICIGYHANNSTDTVDTVLEKNVTVTHSVNLLEDSHNGKLCRLKGIAPLQLGNCSIAGWILGNPECESLFSKESWSYIAETPNSENGTCYPGYFADYEELREQLSSVSSFERFEIFPKESSWPNHTVTKGVTAACSHNGKSSFYRNLLWLTEKNGLYPNLSKSYVNNKEKEVLVLWGVHHPSNIGDQRAIYHTENAYVSVVSSHYSRRFTPEIAKRPKVRGQEGRINYYWTLLEPGDTIIFEANGNLIAPWYAFALSRGFGSGIITSNASMDECDAKCQTPQGAINSSLPFQNVHPVTIGECPKYVRSTKLRMVTGLRNIPSVQSRGLFGAIAGFIEGGWTGMIDGWYGYHHQNEQISGYAADQKSTQNAINGITNKVNSVIEKMNTQFTAVGKEFNKLERRMENLNKKVDDGFLDIWTYNAELLVLLENERTLDFHDSNVKNLYEKVKSQLKNNAKEIGNGCFEFYHKCNNECMESVKNGTYDYPKYSEESKLNREKIDGVKLESMGVYQILAAYSTVASSLVLLVSLGAISFWMCSNGSLQCRICI,MKAKLLVLLCAFTATDADTICIGYHANNSTDTVDTVLEKNVTVTHSVNLLEDSHNGKLCRLKGIAPLQLGNCSIAGWILGNPECESLFSKESWSYIAETPNSENGTCYPGYFADYEELREQLSSVSSFERFEIFPKESSWPNHTVTKGVTAACSHNGKSSFYRNLLWLTEKNGLYPNLSKSYVNNKEKEVLVLWGVHHPSNIGDQSAIYHTENAYVSVVSSHYGRRFTPEIAKRPKVRGQEGRINYYWTLLEPGDTIIFEANGNLIAPWYAFALSRGWGSGIITTNASMDECDAKCQTPQGAINSSLPFQNVHPVTIGECPKYVRSTKLRMVTGLRNIPSVQSRGLFGAIAGFIEGGWTGMIDGWYGYHHQNEQGSGYAADQKSTQNAINGITNKVNSVIEKMNTQFTAVGKEFNKLERRMENLNKKVDDGFLDIWTYNAELLVLLENERTLDFHDSNVKNLYEKVKSQLKNNAKEIGNGCFEFYHKCNNECMESVKNGTYDYPKYSEESKLNREKIDGVKLESMGVYQILAIYSTVASSLVLLVSLGAISFWMCSNGSLQCRICI,MKAKLLVLLCAFTATDADTICIGYHANNSTDTVDTVLEKNVTVTHSVNLLEDSHNGKLCRLKGIAPLQLGNCSIAGWILGNPECESLFSKESWSYIAETPNSENGTCYPGYFADYEELREQLSSVSSFERFEIFPKESSWPNHTVTKGVTAACSHNGKSEFYRNLLWLTEKCGLYPNLSKSYVNNKEKEVLVLWGVHHPSNIGDQRAIYHTENAYVSVVSSHYSRRFTPEIAKRPKVRGQEGRINYYWTLLEPGDTIIFEANGNLIAPWYAFALSRGFGSGIITSNASMDECDAKCQTPQGAINSSLPFQNVHPVTIGECPKYVRSTKLRMVTGLRNIPSVQSRGLFGAIAGFIEGGWTGMIDGWYGYHHQNEQGSGYAADQKSTQNAINGITNKVNSVIEKMNTQFTAVGKEFNKLERRMENLNKKVDDGFLDIWTYNAELLVLLENERTLDFHDSNVKNLYEKVKSQHKNNAKEIGNGCFEFYHKCNNECMESVKNGTYDYPKYSEEHKLNREKIDGVKLESMGVYQILAIYSTVASSLVLLVSLGAISFWMCSNGSLQCRICI,Other,Total
0.0,2,0,0,0,0,0,0,0,0,2
2.0,1,0,0,0,0,0,0,0,1,2
4.0,5,0,0,0,0,0,0,0,6,11
6.0,4,1,0,0,0,0,0,0,6,11
8.0,5,0,0,0,0,0,0,0,10,15
10.0,11,0,0,0,0,0,0,0,18,29
12.0,7,0,0,0,0,1,0,0,27,35
14.0,6,0,0,0,1,1,0,0,33,41
16.0,7,0,0,0,0,1,0,0,40,48
18.0,9,0,0,0,0,0,0,0,51,60
20.0,8,0,0,0,0,0,1,0,68,77
22.0,5,0,0,0,0,0,0,0,65,70
24.0,6,0,0,0,0,0,0,0,57,63
26.0,2,0,0,0,0,0,0,0,50,52
28.0,2,0,0,0,0,0,0,1,45,48
30.0,1,0,0,0,0,0,0,1,47,49
32.0,2,0,0,0,0,0,0,1,47,50
34.0,2,0,0,0,0,0,0,1,44,47
36.0,0,0,0,0,0,0,0,0,37,37
38.0,0,0,0,0,0,0,0,0,34,34
40.0,1,0,0,0,0,0,0,0,28,29
42.0,1,0,0,0,0,0,0,0,20,21
44.0,1,0,0,0,0,0,0,0,14,15
46.0,1,0,0,0,0,0,0,0,14,15
48.0,1,0,0,0,0,0,0,0,13,14
50.0,0,0,0,0,0,0,0,0,11,11
52.0,0,0,0,0,0,0,0,0,10,10
54.0,0,0,0,0,0,0,0,0,7,7
56.0,0,0,0,0,0,0,0,0,8,8
58.0,0,0,0,0,0,0,0,0,9,9
60.0,0,0,0,0,0,0,0,0,3,3
62.0,0,0,0,0,0,0,0,0,3,3
64.0,0,0,0,0,0,0,0,0,4,4
66.0,0,0,0,0,0,0,0,0,4,4
68.0,0,0,0,0,0,0,0,0,3,3
70.0,0,0,0,0,0,0,0,0,1,1
72.0,0,0,0,0,0,0,0,0,1,1
74.0,0,0,0,0,0,0,0,0,0,0
76.0,0,0,0,0,0,0,0,0,0,0
78.0,0,0,0,0,0,0,0,0,1,1
80.0,0,0,0,0,0,0,0,0,1,1
82.0,0,0,0,0,0,0,0,0,1,1
84.0,0,0,0,0,0,0,0,0,2,2
86.0,0,0,0,0,0,0,0,0,2,2
88.0,0,0,0,0,0,0,0,0,3,3
90.0,0,0,0,0,0,0,0,0,2,2
92.0,0,0,0,0,0,0,0,0,4,4
94.0,0,0,0,0,0,0,0,0,3,3
96.0,0,0,0,0,0,0,0,0,3,3
98.0,0,0,0,0,0,0,0,0,3,3
100.0,0,0,0,0,0,0,0,0,1,1
102.0,0,0,0,0,0,0,0,0,1,1
104.0,0,0,0,0,0,0,0,0,3,3
106.0,0,0,0,0,0,0,0,0,1,1
108.0,0,0,0,0,0,0,0,0,2,2
110.0,0,0,0,0,0,0,0,0,2,2
112.0,0,0,0,0,0,0,0,0,0,0
114.0,0,0,0,0,0,0,0,0,4,4
116.0,0,0,0,0,0,0,0,0,3,3
118.0,0,0,0,0,0,0,0,0,2,2
120.0,0,0,0,0,0,0,0,0,2,2
122.0,0,0,0,0,0,0,0,0,3,3
124.0,0,0,0,0,0,0,0,0,3,3
126.0,0,0,0,0,0,0,0,0,3,3
128.0,0,0,0,0,0,0,0,0,3,3
130.0,0,0,0,0,0,0,0,0,2,2
132.0,0,0,0,0,0,0,0,0,2,2
134.0,0,0,0,0,0,0,0,0,1,1
136.0,0,0,0,0,0,0,0,0,1,1
138.0,0,0,0,0,0,0,0,0,1,1
140.0,0,0,0,0,0,0,0,0,2,2
142.0,0,0,0,0,0,0,0,0,2,2
144.0,0,0,0,0,0,0,0,0,0,0
146.0,0,0,0,0,0,0,0,0,2,2
148.0,0,0,0,0,0,0,0,0,2,2
150.0,0,0,0,0,0,0,0,0,1,1
152.0,0,0,0,0,0,0,0,0,3,3
154.0,0,0,0,0,0,0,0,0,3,3
156.0,0,0,0,0,0,0,0,0,4,4
158.0,0,0,0,0,0,0,0,0,7,7
160.0,0,0,0,0,0,0,0,0,6,6
162.0,0,0,0,0,0,0,0,0,6,6
164.0,0,0,0,0,0,0,0,0,7,7
166.0,0,0,0,0,0,0,0,0,5,5
168.0,0,0,0,0,0,0,0,0,3,3
170.0,0,0,0,0,0,0,0,0,6,6
172.0,0,0,0,0,0,0,0,0,6,6
174.0,0,0,0,0,0,0,0,0,11,11
176.0,0,0,0,0,0,0,0,0,8,8
178.0,0,0,0,0,0,0,0,0,9,9
180.0,0,0,0,0,0,0,0,0,12,12
182.0,0,0,0,0,0,0,0,0,13,13
184.0,0,0,0,0,0,0,0,0,23,23
186.0,0,0,0,1,0,0,0,0,21,22
188.0,0,0,1,1,0,0,0,0,26,28
190.0,0,0,0,1,0,0,0,0,24,25
192.0,0,0,0,1,0,0,0,0,24,25
194.0,0,0,0,1,0,0,0,0,31,32
196.0,0,0,0,1,0,0,0,0,24,25
198.0,0,0,0,1,0,0,0,0,24,25
200.0,0,0,0,0,0,0,0,0,23,23
202.0,0,0,0,0,0,0,0,0,29,29
204.0,0,0,0,0,0,0,0,0,21,21
206.0,0,0,0,0,0,0,0,0,21,21
208.0,0,0,0,0,0,0,0,0,16,16
210.0,0,0,0,0,0,0,0,0,12,12
212.0,0,0,0,0,0,0,0,0,13,13
214.0,0,0,0,0,0,0,0,0,17,17
216.0,0,0,0,0,0,0,0,0,17,17
218.0,0,0,0,0,0,0,0,0,20,20
220.0,0,0,0,0,0,0,0,0,20,20
222.0,0,0,0,0,0,0,0,0,19,19
224.0,0,0,0,0,0,0,0,0,17,17
226.0,0,0,0,0,0,0,0,0,16,16
228.0,0,0,0,0,0,0,0,0,12,12
230.0,0,0,0,0,0,0,0,0,13,13
232.0,0,0,0,0,0,0,0,0,16,16
234.0,0,0,0,0,0,0,0,0,12,12
236.0,0,0,0,0,0,0,0,0,9,9
238.0,0,0,0,0,0,0,0,0,19,19
240.0,0,0,0,0,0,0,0,0,18,18
242.0,0,0,0,0,0,0,0,0,22,22
244.0,0,0,0,0,0,0,0,0,22,22
246.0,0,0,0,0,0,0,0,0,23,23
248.0,0,0,0,0,0,0,0,0,18,18
250.0,0,0,0,0,0,0,0,0,20,20
252.0,0,0,0,0,0,0,0,0,17,17
254.0,0,0,0,0,0,0,0,0,12,12
256.0,0,0,0,0,0,0,0,0,12,12
258.0,0,0,0,0,0,0,0,0,8,8
260.0,0,0,0,0,0,0,0,0,9,9
262.0,0,0,0,0,0,0,0,0,8,8
264.0,0,0,0,0,0,0,0,0,6,6
266.0,0,0,0,0,0,0,0,0,6,6
268.0,0,0,0,0,0,0,0,0,10,10
270.0,0,0,0,0,0,0,0,0,7,7
272.0,0,0,0,0,0,0,0,0,8,8
274.0,0,0,0,0,0,0,0,0,8,8
276.0,0,0,0,0,0,0,0,0,11,11
278.0,0,0,0,0,0,0,0,0,14,14
280.0,0,0,0,0,0,0,0,0,12,12
282.0,0,0,0,0,0,0,0,0,10,10
284.0,0,0,0,0,0,0,0,0,16,16
286.0,0,0,0,0,0,0,0,0,15,15
288.0,0,0,0,0,0,0,0,0,16,16
290.0,0,0,0,0,0,0,0,0,14,14
292.0,0,0,0,0,0,0,0,0,12,12
294.0,0,0,0,0,0,0,0,0,13,13
296.0,0,0,0,0,0,0,0,0,11,11
298.0,0,0,0,0,0,0,0,0,11,11
300.0,0,0,0,0,0,0,0,0,8,8
302.0,0,0,0,0,0,0,0,0,8,8
304.0,0,0,0,0,0,0,0,0,8,8
306.0,0,0,0,0,0,0,0,0,8,8
308.0,0,0,0,0,0,0,0,0,9,9
310.0,0,0,0,0,0,0,0,0,12,12
312.0,0,0,0,0,0,0,0,0,15,15
314.0,0,0,0,0,0,0,0,0,15,15
316.0,0,0,0,0,0,0,0,0,13,13
318.0,0,0,0,0,0,0,0,0,14,14
320.0,0,0,0,0,0,0,0,0,14,14
322.0,0,0,0,0,0,0,0,0,12,12
324.0,0,0,0,0,0,0,0,0,12,12
326.0,0,0,0,0,0,0,0,0,11,11
328.0,0,0,0,0,0,0,0,0,7,7
330.0,0,0,0,0,0,0,0,0,7,7
332.0,0,0,0,0,0,0,0,0,8,8
334.0,0,0,0,0,0,0,0,0,8,8
336.0,0,0,0,0,0,0,0,0,10,10
338.0,0,0,0,0,0,0,0,0,14,14
340.0,0,0,0,0,0,0,0,0,16,16
342.0,0,0,0,0,0,0,0,0,17,17
344.0,0,0,0,0,0,0,0,0,19,19
346.0,0,0,0,0,0,0,0,0,15,15
348.0,0,0,0,0,0,0,0,0,11,11
350.0,0,0,0,0,0,0,0,0,11,11
352.0,0,0,0,0,0,0,0,0,11,11
354.0,0,0,0,0,0,0,0,0,13,13
356.0,0,0,0,0,0,0,0,0,12,12
358.0,0,0,0,0,0,0,0,0,12,12
360.0,0,0,0,0,0,0,0,0,13,13
362.0,0,0,0,0,0,0,0,0,11,11
364.0,0,0,0,0,0,0,0,0,11,11
